Workbook

Sheet retail_sales_dataset
A1: Transaction ID | B1: Date | C1: Customer ID | D1: Gender | E1: Age | F1: Product Category | G1: Quantity | H1: Price per Unit | I1: Total Amount
A2: 1 | B2: 45254 | C2: CUST001 | D2: Male | E2: 34 | F2: Beauty | G2: 3 | H2: 50 | I2: 150
A3: 2 | B3: 44984 | C3: CUST002 | D3: Female | E3: 26 | F3: Clothing | G3: 2 | H3: 500 | I3: 1000
A4: 3 | B4: 44939 | C4: CUST003 | D4: Male | E4: 50 | F4: Electronics | G4: 1 | H4: 30 | I4: 30
A5: 4 | B5: 45067 | C5: CUST004 | D5: Male | E5: 37 | F5: Clothing | G5: 1 | H5: 500 | I5: 500
A6: 5 | B6: 45052 | C6: CUST005 | D6: Male | E6: 30 | F6: Beauty | G6: 2 | H6: 50 | I6: 100
A7: 6 | B7: 45041 | C7: CUST006 | D7: Female | E7: 45 | F7: Beauty | G7: 1 | H7: 30 | I7: 30
A8: 7 | B8: 44998 | C8: CUST007 | D8: Male | E8: 46 | F8: Clothing | G8: 2 | H8: 25 | I8: 50
A9: 8 | B9: 44979 | C9: CUST008 | D9: Male | E9: 30 | F9: Electronics | G9: 4 | H9: 25 | I9: 100
A10: 9 | B10: 45273 | C10: CUST009 | D10: Male | E10: 63 | F10: Electronics | G10: 2 | H10: 300 | I10: 600
A11: 10 | B11: 45206 | C11: CUST010 | D11: Female | E11: 52 | F11: Clothing | G11: 4 | H11: 50 | I11: 200
A12: 11 | B12: 44971 | C12: CUST011 | D12: Male | E12: 23 | F12: Clothing | G12: 2 | H12: 50 | I12: 100
A13: 12 | B13: 45229 | C13: CUST012 | D13: Male | E13: 35 | F13: Beauty | G13: 3 | H13: 25 | I13: 75
... A1001: 1000 | B1001: 45028 | C1001: CUST1000 | D1001: Male | E1001: 47 | F1001: Electronics | G1001: 4 | H1001: 30 | I1001: 120

Sheet dataset understanding
C1: Q6 | D1: What are the unique product categories available in the dataset?
A2: Q1 | B2: How many rows are in dataset ? | D2: Product Category | E2: unique product categories | F2: Total
A3: Ans | B3: =COUNT(retail_sales_dataset!A:A) -> 1000 | D3: Beauty | E3: {=_xlfn.UNIQUE(D3:D101)} -> Beauty | F3: =COUNTIF(D:D,E3) -> 307
A4: Q2 | B4: How many columns are in dataset ? | D4: Clothing | E4: Clothing | F4: =COUNTIF(D:D,E4) -> 351
A5: Ans | B5: =COUNTA(retail_sales_dataset!A3:I3) -> 9 | D5: Electronics | E5: Electronics | F5: =COUNTIF(D:D,E5) -> 342
A6: Q3 | B6: What type of data is stored in the Date column? | D6: Clothing
A7: Ans | B7: date type of data is stored in date column | D7: Beauty
A8: Q4 | B8: What type of data is stored in the Product Category column? | D8: Beauty
A9: Ans | B9: categorical / string | D9: Clothing
A10: Q5 | B10: What type of data is stored in the Total Amount column? | D10: Electronics
A11: Ans | B11: Numeric/currency | D11: Electronics
B12: What are the unique product categories available in the dataset? | D12: Clothing
A13: Ans | B13: Beauty,clothing,Electronics | D13: Clothing
A14: Q7 | B14: What is the minimum and maximum age of customers? | D14: Beauty
A15: Ans | B15: =MIN(retail_sales_dataset!E:E) -> 18 | D15: Electronics
B16: =MAX(retail_sales_dataset!E:E) -> 64 | D16: Clothing
D17: Electronics
D18: Clothing
D19: Clothing
D20: Electronics
D21: Clothing
D22: Clothing
D23: Beauty
D24: Clothing
D25: Clothing
D26: Clothing
D27: Beauty
D28: Electronics
... D1002: Electronics

Sheet cleaned data
A1: Transaction ID | B1: Date | C1: Customer ID | D1: Gender | E1: Age | F1: Product Category | G1: Quantity | H1: Price per Unit | I1: Total Amount | J1: Calcukated total | K1: Amount check
A2: 1 | B2: 45254 | C2: CUST001 | D2: Male | E2: 34 | F2: Beauty | G2: 3 | H2: 50 | I2: 150 | J2: =G2*H2 -> 150 | K2: {=IF(I2=J2,"correct",check)} -> correct
A3: 2 | B3: 44984 | C3: CUST002 | D3: Female | E3: 26 | F3: Clothing | G3: 2 | H3: 500 | I3: 1000 | J3: =G3*H3 -> 1000 | K3: {=IF(I3=J3,"correct",check)} -> correct
A4: 3 | B4: 44939 | C4: CUST003 | D4: Male | E4: 50 | F4: Electronics | G4: 1 | H4: 30 | I4: 30 | J4: =G4*H4 -> 30 | K4: {=IF(I4=J4,"correct",check)} -> correct
A5: 4 | B5: 45067 | C5: CUST004 | D5: Male | E5: 37 | F5: Clothing | G5: 1 | H5: 500 | I5: 500 | J5: =G5*H5 -> 500 | K5: {=IF(I5=J5,"correct",check)} -> correct
A6: 5 | B6: 45082 | C6: CUST005 | D6: Male | E6: 30 | F6: Beauty | G6: 2 | H6: 50 | I6: 100 | J6: =G6*H6 -> 100 | K6: {=IF(I6=J6,"correct",check)} -> correct
A7: 6 | B7: 45041 | C7: CUST006 | D7: Female | E7: 45 | F7: Beauty | G7: 1 | H7: 30 | I7: 30 | J7: =G7*H7 -> 30 | K7: {=IF(I7=J7,"correct",check)} -> correct
A8: 7 | B8: 44998 | C8: CUST007 | D8: Male | E8: 46 | F8: Clothing | G8: 2 | H8: 25 | I8: 50 | J8: =G8*H8 -> 50 | K8: {=IF(I8=J8,"correct",check)} -> correct
A9: 8 | B9: 44979 | C9: CUST008 | D9: Male | E9: 30 | F9: Electronics | G9: 4 | H9: 25 | I9: 100 | J9: =G9*H9 -> 100 | K9: {=IF(I9=J9,"correct",check)} -> correct
A10: 9 | B10: 45273 | C10: CUST009 | D10: Male | E10: 63 | F10: Electronics | G10: 2 | H10: 300 | I10: 600 | J10: =G10*H10 -> 600 | K10: {=IF(I10=J10,"correct",check)} -> correct
A11: 10 | B11: 45117 | C11: CUST010 | D11: Female | E11: 52 | F11: Clothing | G11: 4 | H11: 50 | I11: 200 | J11: =G11*H11 -> 200 | K11: {=IF(I11=J11,"correct",check)} -> correct
A12: 11 | B12: 44971 | C12: CUST011 | D12: Male | E12: 23 | F12: Clothing | G12: 2 | H12: 50 | I12: 100 | J12: =G12*H12 -> 100 | K12: {=IF(I12=J12,"correct",check)} -> correct
A13: 12 | B13: 45229 | C13: CUST012 | D13: Male | E13: 35 | F13: Beauty | G13: 3 | H13: 25 | I13: 75 | J13: =G13*H13 -> 75 | K13: {=IF(I13=J13,"correct",check)} -> correct
... A95: 94 | B95: 45065 | C95: CUST094 | D95: Female | E95: 47 | F95: Beauty | G95: 2 | H95: 500 | I95: 1000 | J95: =G95*H95 -> 1000 | K95: {=IF(I95=J95,"correct",check)} -> correct
A96: 95 | B96: 45254 | C96: CUST095 | D96: Female | E96: 32 | F96: Clothing | G96: 2 | H96: 30 | I96: 1000 | J96: =G96*H96 -> 60 | K96: {=IF(I96=J96,"correct","check")} -> check
A97: 96 | B97: 45279 | C97: CUST096 | D97: Female | E97: 44 | F97: Clothing | G97: 2 | H97: 300 | I97: 600 | J97: =G97*H97 -> 600 | K97: {=IF(I97=J97,"correct",check)} -> correct
A98: 97 | B98: 45212 | C98: CUST097 | D98: Female | E98: 51 | F98: Beauty | G98: 2 | H98: 500 | I98: 1000 | J98: =G98*H98 -> 1000 | K98: {=IF(I98=J98,"correct",check)} -> correct
A99: 98 | B99: 45039 | C99: CUST098 | D99: Female | E99: 55 | F99: Beauty | G99: 2 | H99: 50 | I99: 100 | J99: =G99*H99 -> 100 | K99: {=IF(I99=J99,"correct",check)} -> correct
A100: 99 | B100: 45277 | C100: CUST099 | D100: Female | E100: 50 | F100: Electronics | G100: 4 | H100: 300 | I100: 1200 | J100: =G100*H100 -> 1200 | K100: {=IF(I100=J100,"correct",check)} -> correct
A101: 100 | B101: 45093 | C101: CUST100 | D101: Male | E101: 41 | F101: Electronics | G101: 1 | H101: 30 | I101: 30 | J101: =G101*H101 -> 30 | K101: {=IF(I101=J101,"correct",check)} -> correct
A102: 101 | B102: 44955 | C102: CUST101 | D102: Male | E102: 32 | F102: Clothing | G102: 2 | H102: 300 | I102: 600 | J102: =G102*H102 -> 600 | K102: {=IF(I102=J102,"correct",check)} -> correct
A103: 102 | B103: 45044 | C103: CUST102 | D103: Female | E103: 47 | F103: Beauty | G103: 2 | H103: 25 | I103: 50 | J103: =G103*H103 -> 50 | K103: {=IF(I103=J103,"correct",check)} -> correct
A104: 103 | B104: 44943 | C104: CUST103 | D104: Female | E104: 59 | F104: Clothing | G104: 1 | H104: 25 | I104: 25 | J104: =G104*H104 -> 25 | K104: {=IF(I104=J104,"correct",check)} -> correct
A105: 104 | B105: 45236 | C105: CUST104 | D105: Female | E105: 34 | F105: Beauty | G105: 2 | H105: 500 | I105: 1000 | J105: =G105*H105 -> 1000 | K105: {=IF(I105=J105,"correct",check)} -> correct
A106: 105 | B106: 45132 | C106: CUST105 | D106: Female | E106: 22 | F106: Electronics | G106: 1 | H106: 500 | I106: 500 | J106: =G106*H106 -> 500 | K106: {=IF(I106=J106,"correct",check)} -> correct
A107: 106 | B107: 45064 | C107: CUST106 | D107: Female | E107: 46 | F107: Clothing | G107: 1 | H107: 50 | I107: 50 | J107: =G107*H107 -> 50 | K107: {=IF(I107=J107,"correct",check)} -> correct
A108: 107 | B108: 44987 | C108: CUST107 | D108: Female | E108: 21 | F108: Clothing | G108: 4 | H108: 300 | I108: 1200 | J108: =G108*H108 -> 1200 | K108: {=IF(I108=J108,"correct",check)} -> correct
... A1001: 1000 | B1001: 45264 | C1001: CUST1000 | D1001: Male | E1001: 47 | F1001: Electronics | G1001: 4 | H1001: 30 | I1001: 120 | J1001: =G1001*H1001 -> 120 | K1001: {=IF(I1001=J1001,"correct",check)} -> correct

Sheet Basic analysis
A1: Sales by Product Category | D1: Sold by Product Category | G1: Total sales by Gender
A2: Product | B2: Total Sales | D2: Product | E2: Total Quantity | G2: Gender | H2: Total sales
A3: Beauty | B3: =SUMIF('cleaned data'!$F$2:$F$1001,A3,'cleaned data'!$I$2:$I$1001) -> 143515 | D3: Beauty | E3: =SUMIF('cleaned data'!$F$2:$F$1001,D3,'cleaned data'!$G$2:$G$1001) -> 771 | G3: Female | H3: =SUMIF('cleaned data'!D2:D1001,G3,'cleaned data'!I2:I1001) -> 233780
A4: Electronics | B4: =SUMIF('cleaned data'!$F$2:$F$1001,A4,'cleaned data'!$I$2:$I$1001) -> 156905 | D4: Electronics | E4: =SUMIF('cleaned data'!$F$2:$F$1001,D4,'cleaned data'!$G$2:$G$1001) -> 849 | G4: male | H4: =SUMIF('cleaned data'!D2:D1001,G4,'cleaned data'!I2:I1001) -> 223160
A5: Clothing | B5: =SUMIF('cleaned data'!$F$2:$F$1001,A5,'cleaned data'!$I$2:$I$1001) -> 156520 | D5: Clothing | E5: =SUMIF('cleaned data'!$F$2:$F$1001,D5,'cleaned data'!$G$2:$G$1001) -> 894
A10: Basic Analysis
A11: 1 | B11: Total sales amount | D11: =SUM('cleaned data'!19:19) -> 45238
A12: 2 | B12: Average sales amount | D12: =AVERAGE('cleaned data'!19:19) -> 6462.5714
A13: 3 | B13: Min sales amount | D13: =MIN('cleaned data'!19:19) -> 2
A14: 4 | B14: Max sales amount | D14: =MAX('cleaned data'!19:19) -> 45046
A15: 5 | B15: Total quality sold | D15: =SUM('cleaned data'!G2:G1001) -> 2514
A16: 6 | B16: Average customer age | D16: =AVERAGE('cleaned data'!E2:E1001) -> 41.392
A17: 7 | B17: Youngest customer age | D17: =MIN('cleaned data'!E2:E1001) -> 18
A18: 8 | B18: Oldest customer age | D18: =MAX('cleaned data'!E2:E1001) -> 64
A19: 9 | B19: Total number transactions | D19: 1000
A20: 10 | B20: Total unique product category | D20: 3

Sheet data quality check
A2: 1. Are there any blank cells in the dataset? | F2: No
A3: 2. Are there any duplicate rows? | F3: No
A4: 3. Are all values in the Quantity column valid? | F4: Yes
A5: 4. Are all values in the Price per Unit column valid? | F5: yes
A6: 5. Does Total Amount match this formula? | F6: yes

Sheet Charts
A1: 1 | B1: Bar chart : Total sales by product category | J1: 2 | K1: column chart:Total Quantity Sold by Product Category
A17: 3 | B17: Pie chart: Total Sales by Gender

Sheet observations
A1: Observations
A2: 1 | B2: Female customers sales greater than male customer sales.
A3: 2 | B3: Electronics is the highest selling product category.
A4: 3 | B4: The average customer age is 41.39 years.
A5: 4 | B5: The total quantity sold is 2514.
A6: 5 | B6: The total sales amount is 45188.
A7: 6 | B7: The youngest customer age is 18.

Sheet sorting_&_filtering_screenshots
A1: 1. Which transaction has the highest total amount? | M1: 7. Sort the dataset from youngest customer to oldest customer.
A27: 4. Show only transactions where Gender is Female. | M27: 5. Show only transactions where Quantity is greater than 2
